,ten_san_pham,thuong_hieu,gia_ban,gia_goc,so_tien_da_giam,danh_gia_trung_binh,so_luot_danh_gia,luot_ban
0,Apple iPhone 17 Pro Max,Apple,33550000,33550000,0,5.0,72,6180
1, Điện thoại Oppo A5x (4GB/128GB) - Hàng chính hãng,OPPO,4690000,4690000,0,0.0,0,8521
2,"Điện Thoại Samsung Galaxy A17 LTE (8/128GB), Kính Cường Lực Gorilla Victus, Camera 50MP & IOS, AI Gemini - Hàng Chính Hãng",Samsung,6990000,6990000,0,5.0,10,323
3,"Điện Thoại Samsung Galaxy A17 5G, Camera 50MP & IOS, Kính Cường Lực Gorilla Victus, AI Gemini - Hàng Chính Hãng",Samsung,6990000,6990000,0,5.0,12,5341
4,Máy tính bảng iPad Gen 11 (A16) WiFi,Apple,11990000,11990000,0,5.0,77,478
5,Apple iPad Air M4 11-Inch Wi-Fi,Apple,18490000,18490000,0,5.0,3,8
6,Máy Tính Bảng Samsung Galaxy Tab A11 WiFi (4GB/64GB) - Hàng chính hãng,Samsung,5990000,5990000,0,5.0,3,186
7,Máy tính bảng Samsung Galaxy Tab A11 4G ( 4GB/64GB) - Hàng chính hãng,Samsung,6990000,6990000,0,0.0,0,110
8,Điện thoại Xiaomi Redmi Note 15 Pro 8GB/256GB - Hàng Chính Hãng,Xiaomi,6490000,6490000,0,0.0,0,0
9,Apple iPhone 18 Pro Max,Apple,47990000,47990000,0,5.0,2,64
10,"Điện thoại Samsung Galaxy A27 5G (6GB + 128GB) | Màn hình 6.7"" FHD+ | Pin 5000mAh | Snapdragon 6 Gen 3 - Hàng chính hãng",Samsung,7990000,7990000,0,0.0,0,82
11,Ốp Lưng iPhone 18 Pro Max Silicone Case with MagSafe - Hàng Chính Hãng,Apple,990000,990000,0,0.0,0,3
12,Apple iPhone 18  Pro,Apple,37750000,37750000,0,5.0,2,53
13,Điện Thoại Samsung Galaxy S26 FE (8/128GB) - Hàng chính hãng,Samsung,17990000,17990000,0,0.0,0,0
14,Điện thoại Samsung Galaxy A07s (4GB/128GB) - Hàng Chính Hãng,Samsung,5990000,5990000,0,0.0,0,300
15,Điện thoại OPPO A6t 4GB/64GB - Hàng Chính Hãng,OPPO,4490000,4490000,0,0.0,0,191
16,Máy Tính Bảng Galaxy Tab S10 Lite Wifi (6GB/128GB) - Hàng Chính Hãng,Samsung,10990000,10990000,0,5.0,1,202
17,Điện thoại realme Note 80 4GB/64GB - Hàng Chính Hãng,Realme,3290000,3290000,0,5.0,4,53
18,Điện thoại bàn Panasonic  KX-TS500MX-hàng chính hãng,Panasonic,320000,320000,0,5.0,139,1010
19,Điện Thoại Bàn Panasonic KX-TSC11,Panasonic,739000,739000,0,4.5,9,69
20,Điện Thoại Nokia 220 4G - Hàng Chính Hãng,Nokia,1139000,1190000,51000,5.0,3,20
21,"Máy đọc sách Amazon Kindle Paperwhite 6 (Gen 12th), Mới nguyên Seal - Hàng chính hãng",Kindle,4890000,4890000,0,5.0,3,27
22,Điện thoại bàn treo tường TC990,Uniden,250000,250000,0,5.0,7,56
23,Điện thoại Xiaomi Redmi 15C (6GB/128GB) - Hàng chính hãng,Xiaomi,4990000,4990000,0,0.0,0,7
24,Điện thoại Samsung Galaxy A07 5G (4GB/128GB) - Hàng chính hãng,Samsung,5090000,5090000,0,0.0,0,0
25,Điện Thoại Samsung Galaxy A07 4GB/128GB - Hàng Chính Hãng,Samsung,5190000,5190000,0,0.0,0,1
26,Điện Thoại Nokia 105 4G Pro - Hàng Chính Hãng,Nokia,819000,849000,30000,5.0,3,23
27,Máy tính bảng Samsung Galaxy Tab A11 Wifi (4GB/64GB) - Hàng chính hãng,Samsung,3990000,3990000,0,0.0,0,0
28,Điện thoại Samsung Galaxy A57 5G (8GB/128GB) - Hàng chính hãng,Samsung,12490000,12490000,0,5.0,1,1
29,"Máy đọc sách New Kindle 2024, 16Gb Mới nguyên Seal - Hàng chính hãng",Kindle,3690000,3690000,0,5.0,1,9
30,Điện Thoại Xiaomi Redmi Note 15 6GB/128GB - Hàng Chính Hãng,Xiaomi,5499000,5990000,491000,0.0,0,0
31,Điện thoại Samsung Galaxy Z Fold4 5G (12GB/256GB) - Hàng chính hãng,Samsung,40990000,40990000,0,0.0,0,0
32,Điện thoại Samsung Galaxy A17 5G (8GB/128GB) - Hàng chính hãng,Samsung,6390000,6390000,0,0.0,0,0
33,Điện thoại OnePlus 10T 5G - Hàng Chính Hãng,OnePlus ,15990000,15990000,0,0.0,0,0
34,Điện Thoại Oppo Reno15 5G 12GB/256GB - Hàng Chính Hãng,OPPO,15199000,16990000,1791000,0.0,0,0
35,Điện Thoại Samsung Galaxy A57 5G 8GB/128GB - Hàng Chính Hãng,Samsung,10799000,12490000,1691000,0.0,0,0
36,Điện thoại Samsung Galaxy A06 5G (4GB/64GB) - Hàng chính hãng,Samsung,3990000,3990000,0,5.0,1,2
37,"Combo Máy đọc sách All New Kindle Paperwhite 5 (11th Gen) và Bao da FOR KIDS (Bản KIDS, Không Quảng Cáo) - Hàng chính hãng",Kindle,3990000,3990000,0,5.0,2,16
38,Máy tính bảng Xelex Gama Tab X8 EDU (Hàng chính hãng),XELEX,2890000,2890000,0,0.0,0,0
39,Điện Thoại Samsung Galaxy A07 6GB/128GB - Hàng Chính Hãng,Samsung,4379000,5190000,811000,0.0,0,0
40,Máy Tính Bảng Xiaomi Redmi Pad 2 Pro Wifi 6GB/128GB - Hàng Chính Hãng,Xiaomi,7599000,7990000,391000,0.0,0,0
41,Điện Thoại Realme C85 5G 8GB/128GB - Hàng Chính Hãng,Realme,6499000,8090000,1591000,0.0,0,0
42,Điện Thoại Nokia 3210 4G - Hàng Chính Hãng,Nokia,1479000,1790000,311000,5.0,2,5
43,Điện Thoại Xiaomi Redmi Note 14 8GB/128GB - Hàng Chính Hãng,Xiaomi,5849000,5990000,141000,0.0,0,1
44,Điện thoại Xiaomi Poco M7 (6GB/128GB) - Hàng chính hãng,Xiaomi,4290000,4290000,0,0.0,0,0
45,Điện Thoại Xiaomi Redmi Note 14 8GB/256GB - Hàng Chính Hãng,Xiaomi,6490000,6490000,0,0.0,0,0
46,Điện thoại Xiaomi Redmi 15 5G (4GB/128GB) - Hàng chính hãng,Xiaomi,5690000,5690000,0,0.0,0,0
47,Điện thoại Samsung Galaxy A07 LTE (4GB/128GB) - Hàng chính hãng,Samsung,4239000,4239000,0,0.0,0,0
48,Điện thoại Samsung Galaxy A07 5G (4GB/64GB) - Hàng chính hãng,Samsung,4690000,4690000,0,0.0,0,0
49,Điện Thoại Bàn Homephone lắp sim - Lắp Tất Cả Các Sim Đi Động - Di Chuyển Mang Đi Khắp Nơi - Hàng Chính Hãng,China Mobile,1990000,1990000,0,5.0,14,52
50,Điện thoại Samsung Galaxy A17 LTE (8GB/128GB) - Hàng chính hãng,Samsung,6190000,6190000,0,0.0,0,0
51,Máy tính bảng Samsung Galaxy Tab A11 LTE (4GB/64GB) - Hàng chính hãng,Samsung,5490000,5490000,0,0.0,0,0
52,Điện Thoại Samsung Galaxy A07 4GB/64GB - Hàng Chính Hãng,Samsung,3669000,3890000,221000,0.0,0,0
53,Điện Thoại Samsung Galaxy A07 5G 4GB/128GB - Hàng Chính Hãng,Samsung,4939000,5890000,951000,0.0,0,0
54,Điện thoại Xiaomi Redmi A7 Pro (4GB/64GB) - Hàng chính hãng,Xiaomi,4190000,4190000,0,0.0,0,0
55,Điện Thoại Xiaomi Redmi Note 15 Pro 5G 12GB/256GB - Hàng Chính Hãng,Xiaomi,9999000,11490000,1491000,5.0,1,0
56,Điện thoại bàn Panasonic KX-TSC11 hàng chính hãng,Panasonic,620000,620000,0,5.0,23,125
57,Điện Thoại Xiaomi Redmi Note 15 Pro 8GB/256GB - Hàng Chính Hãng,Xiaomi,7649000,8990000,1341000,0.0,0,0
58,Điện Thoại Xiaomi Redmi Note 14 Pro+ 5G 8GB/256GB - Hàng Chính Hãng,Xiaomi,8379000,10990000,2611000,5.0,1,1
59,Điện thoại Samsung Galaxy S26+ (12GB/256GB) - Hàng chính hãng,Samsung,29990000,29990000,0,0.0,0,0
60,Máy Tính Bảng Samsung Galaxy Tab A11 Wifi 4GB/64GB - Hàng Chính Hãng,Samsung,3990000,3990000,0,0.0,0,1
61,Điện Thoại Xiaomi Redmi Note 15 Pro 12GB/256GB - Hàng Chính Hãng,Xiaomi,8449000,10090000,1641000,0.0,0,0
62,Điện thoại Samsung Galaxy A07 LTE (4GB/64GB) - Hàng chính hãng,Samsung,4390000,4390000,0,0.0,0,0
63,Điện thoại bàn Panasonic KX-TGD310 hàng chính hãng,Panasonic,1190000,1190000,0,4.7,9,35
64,Điện thoại bàn Panasonic KX-TGB110 hàng chính hãng,Panasonic,850000,850000,0,5.0,18,75
65,Điện thoại bàn Panasonic KX-TGC310 hàng chính hãng,Panasonic,972000,972000,0,5.0,7,58
66,Điện Thoại Xiaomi Redmi 15 5G 4GB/128GB - Hàng Chính Hãng,Xiaomi,4699000,5690000,991000,0.0,0,1
67,Điện Thoại Oppo A6t 6GB/256GB - Hàng Chính Hãng,OPPO,7699000,8990000,1291000,0.0,0,0
68,điện thoại  IP622C - hàng chính hãng,Flyingvoice,1650000,1650000,0,0.0,0,0
69,Điện thoại VoIP Yealink SIP-T30,Yealink,1050000,1050000,0,0.0,0,0
70,"(Hàng chính hãng) Điện thoại bàn hữu tuyến H2P, hiệu Alcatel - Lucent",Alcatel,2220000,2220000,0,0.0,0,0
71,Điện Thoại IP Phone Fanvil X1S - Hàng Chính Hãng,Fanvil,950000,950000,0,0.0,0,0
72,Điện Thoại Bàn Panasonic KX-TS500,Panasonic,369000,369000,0,4.5,26,320
73,Điện thoại IP Grandstream GRP 2601 hàng chính hãng,Grandstream,880000,880000,0,0.0,0,0
74,Điện Thoại Realme C85 8GB/128GB - Hàng Chính Hãng,Realme,5999000,6290000,291000,3.0,1,2
75,Điện Thoại Xiaomi Redmi 15C 4GB/128GB - Hàng Chính Hãng,Xiaomi,4399000,4690000,291000,0.0,0,4
76,Điện thoại Xiaomi Redmi 17 (6GB/256GB) - Hàng chính hãng,Xiaomi,7490000,7490000,0,0.0,0,0
77,Điện Thoại Xiaomi Redmi Note 15 Pro+ 5G 12GB/256GB - Hàng Chính Hãng,Xiaomi,10779000,12990000,2211000,0.0,0,0
78,Điện Thoại Xiaomi Redmi Note 17 Pro 5G 6GB/256GB - Hàng Chính Hãng,Xiaomi,9479000,11490000,2011000,0.0,0,0
79,Điện thoại Xiaomi Redmi 17 (4GB/128GB) - Hàng chính hãng,Xiaomi,5990000,5990000,0,0.0,0,1
80,Điện Thoại Xiaomi Redmi A7 Pro 4GB/128GB - Hàng Chính Hãng,Xiaomi,3989000,4490000,501000,0.0,0,0
81,Điện Thoại Samsung Galaxy A17 5G 4GB/128GB - Hàng Chính Hãng,Samsung,5799000,5990000,191000,0.0,0,1
82,[BH 18 Tháng] Điện Thoại Samsung Galaxy A17 5G 8GB/128GB - Hàng Chính Hãng,Samsung,6989000,8790000,1801000,0.0,0,0
83,Điện Thoại Samsung Galaxy A27 5G 6GB/128GB - Hàng Chính Hãng,Samsung,7649000,8490000,841000,0.0,0,0
84,Điện Thoại Oppo A6t Pro 8GB/128GB - Hàng Chính Hãng,OPPO,8699000,10990000,2291000,0.0,0,0
85,Điện thoại Samsung Galaxy A27 5G (6GB/128GB) - Hàng chính hãng,Samsung,8490000,8490000,0,0.0,0,0
86,Điện Thoại Oppo Find X9s 5G 12GB/256GB - Hàng Chính Hãng,OPPO,19899000,24990000,5091000,0.0,0,0
87,Điện thoại VoIP Yealink SIP-T30 - Hàng Chính Hãng,Yealink,1200000,1200000,0,0.0,0,0
88,ĐIỆN THOẠI HỘI NGHỊ YEALINK CP960 -HÀNG CHÍNH HÃNG,Yealink,15230000,15230000,0,0.0,0,0
89,Điện Thoại Realme C85 6GB/128GB - Hàng Chính Hãng,Realme,5499000,5690000,191000,0.0,0,0
90,Điện Thoại Realme C85 5G 8GB/256GB - Hàng Chính Hãng,Realme,6999000,8490000,1491000,0.0,0,0
91,Điện Thoại Xiaomi POCO C81 Pro 4GB/128GB - Hàng Chính Hãng,Xiaomi,3979000,4090000,111000,0.0,0,0
92,Điện thoại Xiaomi Redmi A7 (3GB/64GB) - Hàng chính hãng,Xiaomi,3890000,3890000,0,0.0,0,0
93,Điện Thoại Samsung Galaxy A07s 4GB/64GB - Hàng Chính Hãng,Samsung,4099000,5190000,1091000,0.0,0,0
94,Điện Thoại Xiaomi Redmi A7 Pro 4GB/64GB - Hàng Chính Hãng,Xiaomi,3599000,4190000,591000,0.0,0,0
95,Điện Thoại Xiaomi Redmi Note 17 4GB/128GB - Hàng Chính Hãng,Xiaomi,5729000,6990000,1261000,0.0,0,0
96,Điện Thoại Oppo Reno16 F 5G 8GB/256GB - Hàng Chính Hãng,OPPO,13989000,15990000,2001000,0.0,0,0
97,Điện thoại Samsung Galaxy A07s (4GB/64GB) - Hàng chính hãng,Samsung,5190000,5190000,0,0.0,0,0
98,Điện Thoại Xiaomi Redmi Note 15 5G 6GB/128GB - Hàng Chính Hãng,Xiaomi,6789000,7490000,701000,5.0,1,0
99,Điện Thoại Realme Note 80 4GB/64GB - Hàng Chính Hãng,Realme,3990000,3990000,0,0.0,0,0
100,Máy Tính Bảng Xiaomi Redmi Pad 2 Wifi 4GB/128GB Bản 9.7 Inches - Hàng Chính Hãng,Xiaomi,4479000,5490000,1011000,0.0,0,0
101,[BH 18 Tháng] Điện Thoại Samsung Galaxy A17 8GB/128GB - Hàng Chính Hãng,Samsung,6389000,7190000,801000,0.0,0,0
102,Máy tính bảng Xiaomi Redmi Pad 2 9.7 Wifi (4GB/64GB) - Hàng chính hãng,Xiaomi,4990000,4990000,0,0.0,0,0
103,Máy Tính Bảng Xiaomi Redmi Pad 2 Wifi 4GB/128GB - Hàng Chính Hãng,Xiaomi,5149000,5290000,141000,0.0,0,0
104,Điện Thoại Oppo A6c 4GB/128GB - Hàng Chính Hãng,OPPO,5189000,5690000,501000,0.0,0,0
105,Điện thoại Xiaomi Poco C81 Pro (4GB/128GB) - Hàng chính hãng,Xiaomi,4090000,4090000,0,0.0,0,0
106,Điện Thoại Xiaomi Redmi 17 6GB/256GB - Hàng Chính Hãng,Xiaomi,6299000,7490000,1191000,0.0,0,0
107,Điện Thoại Xiaomi Redmi A7 3GB/64GB - Hàng Chính Hãng,Xiaomi,3289000,3890000,601000,0.0,0,0
108,Điện Thoại Xiaomi Redmi Note 17 Pro Max 5G 8GB/512GB - Hàng Chính Hãng,Xiaomi,13999000,17990000,3991000,0.0,0,0
109,Điện thoại Xiaomi Redmi Note 17 (4GB/128GB) - Hàng chính hãng,Xiaomi,6990000,6990000,0,0.0,0,0
110,Điện thoại Xiaomi Redmi 17 5G (4GB/128GB) - Hàng chính hãng,Xiaomi,6490000,6490000,0,0.0,0,0
